33.956627,-118.109880,41.566232,2014-11-17T22:22:29Z
33.956805,-118.110125,41.844206,2014-11-17T22:22:30Z
33.956991,-118.110382,42.435833,2014-11-17T22:22:31Z
33.957162,-118.110617,42.976661,2014-11-17T22:22:32Z
33.957332,-118.110852,43.966327,2014-11-17T22:22:33Z
33.957516,-118.111106,44.025719,2014-11-17T22:22:34Z
33.957705,-118.111364,43.943915,2014-11-17T22:22:35Z
33.957870,-118.111591,44.210534,2014-11-17T22:22:36Z
33.958049,-118.111846,45.379271,2014-11-17T22:22:37Z
33.958233,-118.112104,45.159318,2014-11-17T22:22:38Z
33.958405,-118.112346,44.474157,2014-11-17T22:22:39Z
33.958597,-118.112611,43.378567,2014-11-17T22:22:40Z
33.958778,-118.112858,42.881550,2014-11-17T22:22:41Z
33.958951,-118.113100,42.101510,2014-11-17T22:22:42Z
33.959124,-118.113345,41.455221,2014-11-17T22:22:43Z
33.959306,-118.113598,40.993966,2014-11-17T22:22:44Z
33.959487,-118.113851,40.993966,2014-11-17T22:22:45Z
33.959664,-118.114097,40.217303,2014-11-17T22:22:46Z
33.959833,-118.114331,40.063863,2014-11-17T22:22:47Z
33.960007,-118.114572,39.952241,2014-11-17T22:22:48Z
33.960180,-118.114812,40.239068,2014-11-17T22:22:49Z
33.960358,-118.115057,40.054703,2014-11-17T22:22:50Z
33.960536,-118.115301,40.168792,2014-11-17T22:22:51Z
33.960713,-118.115546,39.768909,2014-11-17T22:22:52Z
33.960886,-118.115790,39.009505,2014-11-17T22:22:53Z
33.961061,-118.116035,39.355911,2014-11-17T22:22:54Z
33.961237,-118.116281,38.960466,2014-11-17T22:22:55Z
33.961413,-118.116522,38.920760,2014-11-17T22:22:56Z
33.961589,-118.116763,38.870625,2014-11-17T22:22:57Z
33.961756,-118.116992,39.017774,2014-11-17T22:22:58Z
33.961935,-118.117240,38.832658,2014-11-17T22:22:59Z
33.962117,-118.117489,38.632547,2014-11-17T22:23:00Z
33.962298,-118.117737,38.593356,2014-11-17T22:23:01Z
33.962479,-118.117983,38.772185,2014-11-17T22:23:02Z
33.962659,-118.118228,39.108618,2014-11-17T22:23:03Z
33.962841,-118.118472,39.381714,2014-11-17T22:23:04Z
33.963023,-118.118708,39.128103,2014-11-17T22:23:05Z
33.963210,-118.118936,38.766608,2014-11-17T22:23:06Z
33.963405,-118.119156,39.002924,2014-11-17T22:23:07Z
33.963606,-118.119368,39.678741,2014-11-17T22:23:08Z
33.963815,-118.119570,39.735551,2014-11-17T22:23:09Z
33.964027,-118.119766,40.129451,2014-11-17T22:23:10Z
33.964243,-118.119957,41.106317,2014-11-17T22:23:11Z
33.964451,-118.120116,41.656698,2014-11-17T22:23:12Z
33.964675,-118.120277,41.026067,2014-11-17T22:23:13Z
33.964912,-118.120443,41.239734,2014-11-17T22:23:14Z
33.965129,-118.120585,40.958218,2014-11-17T22:23:15Z
33.965333,-118.120708,41.157405,2014-11-17T22:23:16Z
33.965582,-118.120850,40.789477,2014-11-17T22:23:17Z
33.965834,-118.120978,41.057447,2014-11-17T22:23:18Z
33.966118,-118.121116,40.858197,2014-11-17T22:23:19Z
33.966389,-118.121228,40.896759,2014-11-17T22:23:20Z
33.966654,-118.121323,40.684086,2014-11-17T22:23:21Z
33.966907,-118.121408,40.207262,2014-11-17T22:23:22Z
33.967169,-118.121490,39.931067,2014-11-17T22:23:23Z
33.967452,-118.121577,40.176148,2014-11-17T22:23:24Z
33.967713,-118.121659,41.237278,2014-11-17T22:23:25Z
33.967973,-118.121738,40.701755,2014-11-17T22:23:26Z
33.968233,-118.121816,41.415268,2014-11-17T22:23:27Z
33.968492,-118.121890,42.412816,2014-11-17T22:23:28Z
33.968744,-118.121962,42.093530,2014-11-17T22:23:29Z
33.969019,-118.122040,42.093530,2014-11-17T22:23:30Z
33.969306,-118.122122,42.256033,2014-11-17T22:23:31Z
33.969575,-118.122202,42.013646,2014-11-17T22:23:32Z
33.969817,-118.122279,42.261014,2014-11-17T22:23:33Z
33.970076,-118.122364,42.115865,2014-11-17T22:23:34Z
33.970344,-118.122444,42.031693,2014-11-17T22:23:35Z
33.970604,-118.122523,42.995452,2014-11-17T22:23:36Z
33.970867,-118.122606,43.519228,2014-11-17T22:23:37Z
33.971144,-118.122698,44.886805,2014-11-17T22:23:38Z
33.971418,-118.122792,45.076848,2014-11-17T22:23:39Z
33.971657,-118.122867,45.681454,2014-11-17T22:23:40Z
33.971918,-118.122945,46.148717,2014-11-17T22:23:41Z
33.972200,-118.123032,46.870279,2014-11-17T22:23:42Z
33.972461,-118.123121,47.441479,2014-11-17T22:23:43Z
33.972728,-118.123225,47.453978,2014-11-17T22:23:44Z
33.972978,-118.123331,48.800064,2014-11-17T22:23:45Z
33.973224,-118.123449,49.648279,2014-11-17T22:23:46Z
33.973479,-118.123583,50.246768,2014-11-17T22:23:47Z
33.973712,-118.123709,49.902625,2014-11-17T22:23:48Z
33.973952,-118.123855,50.215343,2014-11-17T22:23:49Z
33.974177,-118.123999,50.645500,2014-11-17T22:23:50Z
33.974425,-118.124167,51.055830,2014-11-17T22:23:51Z
33.974650,-118.124324,51.516262,2014-11-17T22:23:52Z
33.974873,-118.124498,51.383506,2014-11-17T22:23:53Z
33.975087,-118.124672,51.596853,2014-11-17T22:23:54Z
33.975319,-118.124851,51.977065,2014-11-17T22:23:55Z
33.975538,-118.125014,51.644380,2014-11-17T22:23:56Z
33.975772,-118.125181,51.604601,2014-11-17T22:23:57Z
33.976005,-118.125345,51.411431,2014-11-17T22:23:58Z
33.976253,-118.125525,51.227876,2014-11-17T22:23:59Z
33.976484,-118.125700,50.850590,2014-11-17T22:24:00Z
33.976721,-118.125875,50.426290,2014-11-17T22:24:01Z
33.976968,-118.126058,49.231324,2014-11-17T22:24:02Z
33.977214,-118.126241,48.347942,2014-11-17T22:24:03Z
33.977455,-118.126433,48.219965,2014-11-17T22:24:04Z
33.977691,-118.126628,48.732606,2014-11-17T22:24:05Z
33.977925,-118.126837,48.479434,2014-11-17T22:24:06Z
33.978147,-118.127057,48.544153,2014-11-17T22:24:07Z
33.978371,-118.127271,48.792614,2014-11-17T22:24:08Z
33.978598,-118.127499,47.615404,2014-11-17T22:24:09Z
33.978823,-118.127725,47.308102,2014-11-17T22:24:10Z
33.979041,-118.127945,47.881688,2014-11-17T22:24:11Z
33.979258,-118.128163,48.532726,2014-11-17T22:24:12Z
33.979481,-118.128388,48.476462,2014-11-17T22:24:13Z
33.979695,-118.128604,48.237801,2014-11-17T22:24:14Z
33.979907,-118.128819,47.026271,2014-11-17T22:24:15Z
33.980117,-118.129027,47.026271,2014-11-17T22:24:16Z
33.980327,-118.129240,47.233283,2014-11-17T22:24:17Z
33.980540,-118.129451,46.902086,2014-11-17T22:24:18Z
33.980755,-118.129664,46.706125,2014-11-17T22:24:19Z
33.980966,-118.129871,46.577739,2014-11-17T22:24:20Z
33.981182,-118.130081,47.512320,2014-11-17T22:24:21Z
33.981403,-118.130301,47.348486,2014-11-17T22:24:22Z
33.981611,-118.130517,46.763848,2014-11-17T22:24:23Z
33.981835,-118.130754,47.344244,2014-11-17T22:24:24Z
33.982054,-118.130976,47.248576,2014-11-17T22:24:25Z
33.982273,-118.131196,47.418090,2014-11-17T22:24:26Z
33.982489,-118.131414,47.262649,2014-11-17T22:24:27Z
33.982716,-118.131642,46.861891,2014-11-17T22:24:28Z
33.982928,-118.131856,47.197557,2014-11-17T22:24:29Z
33.983130,-118.132059,46.626027,2014-11-17T22:24:30Z
33.983345,-118.132273,46.757413,2014-11-17T22:24:31Z
33.983573,-118.132501,46.227036,2014-11-17T22:24:32Z
33.983800,-118.132730,45.847368,2014-11-17T22:24:33Z
33.984014,-118.132945,46.248740,2014-11-17T22:24:34Z
33.984222,-118.133155,46.065367,2014-11-17T22:24:35Z
33.984426,-118.133369,45.617594,2014-11-17T22:24:36Z
33.984660,-118.133628,46.139329,2014-11-17T22:24:37Z
33.984877,-118.133885,47.171476,2014-11-17T22:24:38Z
33.985076,-118.134147,47.342136,2014-11-17T22:24:39Z
33.985270,-118.134419,48.081200,2014-11-17T22:24:40Z
33.985461,-118.134703,47.233746,2014-11-17T22:24:41Z
33.985648,-118.134978,46.622029,2014-11-17T22:24:42Z
33.985833,-118.135250,46.334465,2014-11-17T22:24:43Z
33.986018,-118.135525,45.846210,2014-11-17T22:24:44Z
33.986192,-118.135780,45.352599,2014-11-17T22:24:45Z
33.986375,-118.136044,45.778167,2014-11-17T22:24:46Z
33.986562,-118.136310,46.065036,2014-11-17T22:24:47Z
33.986755,-118.136561,46.523827,2014-11-17T22:24:48Z
33.986969,-118.136803,46.819276,2014-11-17T22:24:49Z
33.987193,-118.137031,46.613992,2014-11-17T22:24:50Z
33.987420,-118.137252,45.911906,2014-11-17T22:24:51Z
33.987643,-118.137467,45.445232,2014-11-17T22:24:52Z
33.987867,-118.137683,45.768189,2014-11-17T22:24:53Z
33.988095,-118.137907,45.276256,2014-11-17T22:24:54Z
33.988316,-118.138126,44.624580,2014-11-17T22:24:55Z
33.988539,-118.138346,44.284890,2014-11-17T22:24:56Z
33.988763,-118.138569,43.506744,2014-11-17T22:24:57Z
33.988991,-118.138792,42.029653,2014-11-17T22:24:58Z
33.989217,-118.139007,41.064200,2014-11-17T22:24:59Z
33.989435,-118.139218,40.476952,2014-11-17T22:25:00Z
33.989653,-118.139432,40.476952,2014-11-17T22:25:01Z
33.989876,-118.139643,38.862268,2014-11-17T22:25:02Z
33.990096,-118.139848,39.296076,2014-11-17T22:25:03Z
33.990311,-118.140051,39.574880,2014-11-17T22:25:04Z
33.990512,-118.140245,39.364621,2014-11-17T22:25:05Z
33.990727,-118.140452,39.386900,2014-11-17T22:25:06Z
33.990935,-118.140647,39.945459,2014-11-17T22:25:07Z
33.991147,-118.140848,39.947944,2014-11-17T22:25:08Z
33.991365,-118.141053,39.999781,2014-11-17T22:25:09Z
33.991580,-118.141260,40.112774,2014-11-17T22:25:10Z
33.991798,-118.141470,40.333549,2014-11-17T22:25:11Z
33.992022,-118.141684,40.599134,2014-11-17T22:25:12Z
33.992239,-118.141892,41.062447,2014-11-17T22:25:13Z
33.992449,-118.142091,41.096946,2014-11-17T22:25:14Z
33.992663,-118.142293,41.740112,2014-11-17T22:25:15Z
33.992870,-118.142493,42.566907,2014-11-17T22:25:16Z
33.993081,-118.142697,42.114204,2014-11-17T22:25:17Z
33.993293,-118.142898,41.883967,2014-11-17T22:25:18Z
33.993512,-118.143111,42.369600,2014-11-17T22:25:19Z
33.993725,-118.143334,42.835701,2014-11-17T22:25:20Z
33.993921,-118.143532,42.870161,2014-11-17T22:25:21Z
33.994127,-118.143733,43.039748,2014-11-17T22:25:22Z
33.994352,-118.143952,43.225925,2014-11-17T22:25:23Z
33.994554,-118.144147,43.277556,2014-11-17T22:25:24Z
33.994760,-118.144348,43.647007,2014-11-17T22:25:25Z
33.994963,-118.144546,44.468783,2014-11-17T22:25:26Z
33.995167,-118.144747,44.649812,2014-11-17T22:25:27Z
33.995377,-118.144946,44.308593,2014-11-17T22:25:28Z
33.995586,-118.145142,43.869783,2014-11-17T22:25:29Z
33.995793,-118.145340,43.736408,2014-11-17T22:25:30Z
33.996008,-118.145541,43.376246,2014-11-17T22:25:31Z
33.996223,-118.145729,43.087257,2014-11-17T22:25:32Z
33.996454,-118.145911,42.138669,2014-11-17T22:25:33Z
33.996652,-118.146057,41.477520,2014-11-17T22:25:34Z
33.996868,-118.146204,41.632051,2014-11-17T22:25:35Z
33.997108,-118.146353,41.140857,2014-11-17T22:25:36Z
33.997344,-118.146496,40.688033,2014-11-17T22:25:37Z
33.997570,-118.146634,40.197708,2014-11-17T22:25:38Z
33.997789,-118.146770,40.023776,2014-11-17T22:25:39Z
33.998021,-118.146913,39.624004,2014-11-17T22:25:40Z
33.998247,-118.147054,39.678189,2014-11-17T22:25:41Z
33.998469,-118.147202,39.587434,2014-11-17T22:25:42Z
33.998673,-118.147352,40.002271,2014-11-17T22:25:43Z
33.998882,-118.147516,40.463184,2014-11-17T22:25:44Z
33.999086,-118.147694,40.859519,2014-11-17T22:25:45Z
33.999289,-118.147876,40.776624,2014-11-17T22:25:46Z
33.999489,-118.148061,40.776624,2014-11-17T22:25:47Z
33.999683,-118.148246,40.769058,2014-11-17T22:25:48Z
33.999878,-118.148431,40.573253,2014-11-17T22:25:49Z
34.000076,-118.148618,40.378620,2014-11-17T22:25:50Z
34.000266,-118.148796,40.456908,2014-11-17T22:25:51Z
34.000452,-118.148974,40.751450,2014-11-17T22:25:52Z
34.000649,-118.149163,40.389546,2014-11-17T22:25:53Z
34.000839,-118.149345,40.470015,2014-11-17T22:25:54Z
34.001032,-118.149530,40.998333,2014-11-17T22:25:55Z
34.001223,-118.149713,41.402591,2014-11-17T22:25:56Z
34.001417,-118.149898,40.788609,2014-11-17T22:25:57Z
34.001628,-118.150100,40.663540,2014-11-17T22:25:58Z
34.001817,-118.150279,40.773736,2014-11-17T22:25:59Z
34.001966,-118.150423,40.735181,2014-11-17T22:26:00Z
34.002155,-118.150606,40.429127,2014-11-17T22:26:01Z
34.002333,-118.150773,39.896833,2014-11-17T22:26:02Z
34.002505,-118.150937,39.566645,2014-11-17T22:26:03Z
34.002702,-118.151128,39.476999,2014-11-17T22:26:04Z
34.002862,-118.151281,39.554294,2014-11-17T22:26:05Z
34.003030,-118.151445,39.521924,2014-11-17T22:26:06Z
34.003217,-118.151631,39.982877,2014-11-17T22:26:07Z
34.003389,-118.151804,39.994510,2014-11-17T22:26:08Z
34.003543,-118.151968,39.726353,2014-11-17T22:26:09Z
34.003715,-118.152154,39.525674,2014-11-17T22:26:10Z
34.003872,-118.152328,39.010299,2014-11-17T22:26:11Z
34.004034,-118.152509,38.958750,2014-11-17T22:26:12Z
34.004199,-118.152696,38.803596,2014-11-17T22:26:13Z
34.004359,-118.152878,38.575433,2014-11-17T22:26:14Z
34.004508,-118.153045,39.076967,2014-11-17T22:26:15Z
34.004676,-118.153232,38.669041,2014-11-17T22:26:16Z
34.004840,-118.153418,38.326398,2014-11-17T22:26:17Z
34.004997,-118.153598,38.208882,2014-11-17T22:26:18Z
34.005157,-118.153779,38.309542,2014-11-17T22:26:19Z
34.005322,-118.153968,38.133325,2014-11-17T22:26:20Z
34.005482,-118.154149,38.290793,2014-11-17T22:26:21Z
34.005647,-118.154338,38.347020,2014-11-17T22:26:22Z
34.005814,-118.154529,38.069145,2014-11-17T22:26:23Z
34.005981,-118.154718,38.203891,2014-11-17T22:26:24Z
34.006137,-118.154899,38.215690,2014-11-17T22:26:25Z
34.006284,-118.155068,38.388962,2014-11-17T22:26:26Z
34.006432,-118.155271,38.200376,2014-11-17T22:26:27Z
34.006588,-118.155455,37.892125,2014-11-17T22:26:28Z
34.006730,-118.155630,38.184735,2014-11-17T22:26:29Z
34.006871,-118.155819,38.208543,2014-11-17T22:26:30Z
34.006995,-118.156032,38.644738,2014-11-17T22:26:31Z
34.007121,-118.156238,38.354082,2014-11-17T22:26:32Z
34.007241,-118.156446,38.627836,2014-11-17T22:26:33Z
34.007355,-118.156647,38.627836,2014-11-17T22:26:34Z
34.007484,-118.156874,38.459661,2014-11-17T22:26:35Z
34.007617,-118.157096,38.678125,2014-11-17T22:26:36Z
34.007753,-118.157304,38.595397,2014-11-17T22:26:37Z
34.007898,-118.157509,38.807133,2014-11-17T22:26:38Z
34.008044,-118.157706,38.696198,2014-11-17T22:26:39Z
34.008182,-118.157880,37.874375,2014-11-17T22:26:40Z
34.008322,-118.158048,37.270178,2014-11-17T22:26:41Z
34.008450,-118.158196,36.629458,2014-11-17T22:26:42Z
34.008595,-118.158347,35.997695,2014-11-17T22:26:43Z
34.008746,-118.158490,35.642474,2014-11-17T22:26:44Z
34.008900,-118.158632,35.450558,2014-11-17T22:26:45Z
34.009054,-118.158773,34.897067,2014-11-17T22:26:46Z
34.009217,-118.158924,34.017390,2014-11-17T22:26:47Z
34.009345,-118.159040,33.080295,2014-11-17T22:26:48Z
34.009497,-118.159175,33.025391,2014-11-17T22:26:49Z
34.009619,-118.159282,32.538959,2014-11-17T22:26:50Z
34.009752,-118.159397,32.751391,2014-11-17T22:26:51Z
34.009889,-118.159513,32.908865,2014-11-17T22:26:52Z
34.010024,-118.159636,32.555865,2014-11-17T22:26:53Z
34.010139,-118.159743,33.183702,2014-11-17T22:26:54Z
34.010252,-118.159849,33.939404,2014-11-17T22:26:55Z
34.010390,-118.159979,33.717770,2014-11-17T22:26:56Z
34.010542,-118.160131,34.220375,2014-11-17T22:26:57Z
34.010692,-118.160306,35.257896,2014-11-17T22:26:58Z
34.010840,-118.160473,36.288159,2014-11-17T22:26:59Z
34.010979,-118.160647,37.296103,2014-11-17T22:27:00Z
34.011103,-118.160788,38.180379,2014-11-17T22:27:01Z
34.011218,-118.160957,38.960403,2014-11-17T22:27:02Z
34.011338,-118.161142,39.677802,2014-11-17T22:27:03Z
34.011458,-118.161335,40.053534,2014-11-17T22:27:04Z
34.011553,-118.161510,40.223689,2014-11-17T22:27:05Z
34.011650,-118.161689,40.434561,2014-11-17T22:27:06Z
34.011750,-118.161876,40.410078,2014-11-17T22:27:07Z
34.011847,-118.162073,41.221153,2014-11-17T22:27:08Z
34.011952,-118.162297,41.537368,2014-11-17T22:27:09Z
34.012064,-118.162542,42.233315,2014-11-17T22:27:10Z
34.012157,-118.162747,42.292450,2014-11-17T22:27:11Z
34.012265,-118.162984,42.044715,2014-11-17T22:27:12Z
34.012380,-118.163232,42.513870,2014-11-17T22:27:13Z
34.012490,-118.163482,42.186041,2014-11-17T22:27:14Z
34.012608,-118.163737,42.588383,2014-11-17T22:27:15Z
34.012722,-118.163986,42.530800,2014-11-17T22:27:16Z
34.012843,-118.164257,42.197644,2014-11-17T22:27:17Z
34.012949,-118.164496,42.206640,2014-11-17T22:27:18Z
34.013057,-118.164735,41.812072,2014-11-17T22:27:19Z
34.013162,-118.164965,41.717540,2014-11-17T22:27:20Z
34.013271,-118.165202,42.152004,2014-11-17T22:27:21Z
34.013377,-118.165437,42.028693,2014-11-17T22:27:22Z
34.013485,-118.165678,41.674491,2014-11-17T22:27:23Z
34.013591,-118.165916,42.002741,2014-11-17T22:27:24Z
34.013701,-118.166162,42.002741,2014-11-17T22:27:25Z
34.013810,-118.166405,42.103805,2014-11-17T22:27:26Z
34.013921,-118.166649,42.378006,2014-11-17T22:27:27Z
34.014032,-118.166892,42.691336,2014-11-17T22:27:28Z
34.014141,-118.167132,42.505072,2014-11-17T22:27:29Z
34.014254,-118.167386,42.794827,2014-11-17T22:27:30Z
34.014363,-118.167639,43.052588,2014-11-17T22:27:31Z
34.014472,-118.167896,43.017493,2014-11-17T22:27:32Z
34.014575,-118.168148,43.559921,2014-11-17T22:27:33Z
34.014677,-118.168410,45.619228,2014-11-17T22:27:34Z
34.014769,-118.168682,46.636448,2014-11-17T22:27:35Z
34.014857,-118.168958,44.905301,2014-11-17T22:27:36Z
34.014929,-118.169228,45.146844,2014-11-17T22:27:37Z
34.014996,-118.169486,45.991872,2014-11-17T22:27:38Z
34.015068,-118.169752,45.844954,2014-11-17T22:27:39Z
34.015135,-118.169992,45.318295,2014-11-17T22:27:40Z
34.015206,-118.170228,45.206492,2014-11-17T22:27:41Z
34.015280,-118.170441,44.836144,2014-11-17T22:27:42Z
34.015345,-118.170649,44.934166,2014-11-17T22:27:43Z
34.015420,-118.170848,45.549961,2014-11-17T22:27:44Z
34.015505,-118.171041,44.664488,2014-11-17T22:27:45Z
34.015583,-118.171244,44.608736,2014-11-17T22:27:46Z
34.015688,-118.171458,44.656058,2014-11-17T22:27:47Z
34.015799,-118.171676,44.592958,2014-11-17T22:27:48Z
34.015933,-118.171915,44.229268,2014-11-17T22:27:49Z
34.016048,-118.172108,43.913214,2014-11-17T22:27:50Z
34.016175,-118.172326,44.093885,2014-11-17T22:27:51Z
34.016297,-118.172534,44.038376,2014-11-17T22:27:52Z
34.016421,-118.172738,43.701875,2014-11-17T22:27:53Z
34.016532,-118.172939,43.401258,2014-11-17T22:27:54Z
34.016634,-118.173138,42.875521,2014-11-17T22:27:55Z
34.016727,-118.173337,42.158398,2014-11-17T22:27:56Z
34.016819,-118.173535,41.813965,2014-11-17T22:27:57Z
34.016891,-118.173691,41.311894,2014-11-17T22:27:58Z
34.016974,-118.173870,40.886544,2014-11-17T22:27:59Z
34.017056,-118.174049,40.039939,2014-11-17T22:28:00Z
34.017112,-118.174171,39.583291,2014-11-17T22:28:01Z
34.017168,-118.174296,40.030357,2014-11-17T22:28:02Z
34.017226,-118.174425,40.013174,2014-11-17T22:28:03Z
34.017273,-118.174531,39.523206,2014-11-17T22:28:04Z
34.017326,-118.174651,39.437741,2014-11-17T22:28:05Z
34.017382,-118.174777,39.432660,2014-11-17T22:28:06Z
34.017434,-118.174895,39.648474,2014-11-17T22:28:07Z
34.017489,-118.175019,39.957400,2014-11-17T22:28:08Z
34.017551,-118.175157,40.085795,2014-11-17T22:28:09Z
34.017616,-118.175302,40.126239,2014-11-17T22:28:10Z
34.017679,-118.175443,40.006439,2014-11-17T22:28:11Z
34.017748,-118.175593,39.823444,2014-11-17T22:28:12Z
34.017817,-118.175742,39.825582,2014-11-17T22:28:13Z
34.017892,-118.175905,39.825582,2014-11-17T22:28:14Z
34.017955,-118.176042,39.921597,2014-11-17T22:28:15Z
34.018024,-118.176189,40.308520,2014-11-17T22:28:16Z
34.018092,-118.176336,41.213579,2014-11-17T22:28:17Z
34.018165,-118.176493,41.632213,2014-11-17T22:28:18Z
34.018249,-118.176671,41.747918,2014-11-17T22:28:19Z
34.018332,-118.176848,41.346053,2014-11-17T22:28:20Z
34.018414,-118.177031,41.564788,2014-11-17T22:28:21Z
34.018492,-118.177205,41.522730,2014-11-17T22:28:22Z
34.018568,-118.177375,41.464665,2014-11-17T22:28:23Z
34.018619,-118.177491,41.380461,2014-11-17T22:28:24Z
34.018711,-118.177697,41.579069,2014-11-17T22:28:25Z
34.018787,-118.177867,41.986469,2014-11-17T22:28:26Z
34.018853,-118.178017,41.989775,2014-11-17T22:28:27Z
34.018931,-118.178196,42.364137,2014-11-17T22:28:28Z
34.019007,-118.178373,42.612924,2014-11-17T22:28:29Z
34.019112,-118.178622,42.354850,2014-11-17T22:28:30Z
34.019181,-118.178786,42.967132,2014-11-17T22:28:31Z
34.019259,-118.178981,43.508581,2014-11-17T22:28:32Z
34.019335,-118.179169,43.321289,2014-11-17T22:28:33Z
34.019415,-118.179368,43.616978,2014-11-17T22:28:34Z
34.019483,-118.179537,43.786447,2014-11-17T22:28:35Z
34.019556,-118.179731,43.847101,2014-11-17T22:28:36Z
34.019625,-118.179920,43.988282,2014-11-17T22:28:37Z
34.019698,-118.180147,44.537049,2014-11-17T22:28:38Z
34.019764,-118.180367,44.915387,2014-11-17T22:28:39Z
34.019825,-118.180585,46.213361,2014-11-17T22:28:40Z
34.019884,-118.180814,46.851290,2014-11-17T22:28:41Z
34.019937,-118.181035,47.590672,2014-11-17T22:28:42Z
34.019994,-118.181298,48.650940,2014-11-17T22:28:43Z
34.020037,-118.181516,50.137165,2014-11-17T22:28:44Z
34.020074,-118.181740,51.402046,2014-11-17T22:28:45Z
34.020108,-118.181969,51.577018,2014-11-17T22:28:46Z
34.020137,-118.182209,52.324919,2014-11-17T22:28:47Z
34.020161,-118.182466,53.055315,2014-11-17T22:28:48Z
34.020180,-118.182730,53.493280,2014-11-17T22:28:49Z
34.020196,-118.182974,53.637904,2014-11-17T22:28:50Z
34.020208,-118.183224,54.197696,2014-11-17T22:28:51Z
34.020217,-118.183478,54.943361,2014-11-17T22:28:52Z
34.020226,-118.183725,55.054537,2014-11-17T22:28:53Z
34.020234,-118.183979,54.486539,2014-11-17T22:28:54Z
34.020236,-118.184242,54.462262,2014-11-17T22:28:55Z
34.020235,-118.184501,54.410495,2014-11-17T22:28:56Z
34.020234,-118.184759,54.079632,2014-11-17T22:28:57Z
34.020233,-118.185013,53.849545,2014-11-17T22:28:58Z
34.020231,-118.185231,54.240112,2014-11-17T22:28:59Z
34.020230,-118.185493,54.352014,2014-11-17T22:29:00Z
34.020229,-118.185735,54.199756,2014-11-17T22:29:01Z
34.020228,-118.185962,53.785260,2014-11-17T22:29:02Z
34.020227,-118.186180,53.476114,2014-11-17T22:29:03Z
34.020226,-118.186428,53.850818,2014-11-17T22:29:04Z
34.020225,-118.186673,54.057688,2014-11-17T22:29:05Z
34.020225,-118.186909,54.341640,2014-11-17T22:29:06Z
34.020224,-118.187149,53.506857,2014-11-17T22:29:07Z
34.020223,-118.187395,52.997044,2014-11-17T22:29:08Z
34.020222,-118.187636,52.997044,2014-11-17T22:29:09Z
34.020221,-118.187866,53.362502,2014-11-17T22:29:10Z
34.020221,-118.188085,52.990872,2014-11-17T22:29:11Z
34.020222,-118.188330,53.186396,2014-11-17T22:29:12Z
34.020222,-118.188570,53.803972,2014-11-17T22:29:13Z
34.020266,-118.188830,53.712638,2014-11-17T22:29:14Z
34.020271,-118.189078,53.285300,2014-11-17T22:29:15Z
34.020276,-118.189332,53.052545,2014-11-17T22:29:16Z
34.020278,-118.189585,53.214460,2014-11-17T22:29:17Z
34.020224,-118.189844,53.204720,2014-11-17T22:29:18Z
34.020225,-118.190087,53.232243,2014-11-17T22:29:19Z
34.020224,-118.190338,53.727069,2014-11-17T22:29:20Z
34.020223,-118.190587,54.031658,2014-11-17T22:29:21Z
34.020227,-118.190819,54.456246,2014-11-17T22:29:22Z
34.020234,-118.191074,55.537220,2014-11-17T22:29:23Z
34.020242,-118.191323,56.339862,2014-11-17T22:29:24Z
34.020252,-118.191570,56.687687,2014-11-17T22:29:25Z
34.020269,-118.191823,57.025483,2014-11-17T22:29:26Z
34.020289,-118.192072,57.058671,2014-11-17T22:29:27Z
34.020312,-118.192324,57.294297,2014-11-17T22:29:28Z
34.020344,-118.192577,57.042480,2014-11-17T22:29:29Z
34.020384,-118.192831,57.239359,2014-11-17T22:29:30Z
34.020429,-118.193084,57.455600,2014-11-17T22:29:31Z
34.020478,-118.193340,57.314168,2014-11-17T22:29:32Z
34.020531,-118.193600,57.410016,2014-11-17T22:29:33Z
34.020591,-118.193863,57.514117,2014-11-17T22:29:34Z
34.020718,-118.194121,57.306307,2014-11-17T22:29:35Z
34.020793,-118.194392,56.526329,2014-11-17T22:29:36Z
34.020878,-118.194636,55.533153,2014-11-17T22:29:37Z
34.020971,-118.194896,55.190795,2014-11-17T22:29:38Z
34.021025,-118.195171,54.985987,2014-11-17T22:29:39Z
34.021131,-118.195427,53.355692,2014-11-17T22:29:40Z
34.021231,-118.195659,52.013489,2014-11-17T22:29:41Z
34.021327,-118.195890,51.267192,2014-11-17T22:29:42Z
34.021401,-118.196068,50.813869,2014-11-17T22:29:43Z
34.021509,-118.196308,50.467525,2014-11-17T22:29:44Z
34.021611,-118.196536,50.220261,2014-11-17T22:29:45Z
34.021716,-118.196773,50.198856,2014-11-17T22:29:46Z
34.021818,-118.197005,50.188647,2014-11-17T22:29:47Z
34.021922,-118.197243,50.827124,2014-11-17T22:29:48Z
34.022030,-118.197490,50.660903,2014-11-17T22:29:49Z
34.022142,-118.197744,51.187936,2014-11-17T22:29:50Z
34.022253,-118.197998,51.833882,2014-11-17T22:29:51Z
34.022374,-118.198276,52.093827,2014-11-17T22:29:52Z
34.022485,-118.198533,52.753588,2014-11-17T22:29:53Z
34.022588,-118.198768,53.601298,2014-11-17T22:29:54Z
34.022699,-118.199024,52.777590,2014-11-17T22:29:55Z
34.022806,-118.199271,52.647851,2014-11-17T22:29:56Z
34.022916,-118.199523,53.588646,2014-11-17T22:29:57Z
34.023019,-118.199758,54.004029,2014-11-17T22:29:58Z
34.023128,-118.200009,54.004029,2014-11-17T22:29:59Z
34.023235,-118.200255,54.212733,2014-11-17T22:30:00Z
34.023338,-118.200492,54.428720,2014-11-17T22:30:01Z
34.023445,-118.200738,55.098119,2014-11-17T22:30:02Z
34.023551,-118.200984,56.231723,2014-11-17T22:30:03Z
34.023666,-118.201252,56.754171,2014-11-17T22:30:04Z
34.023770,-118.201492,57.211965,2014-11-17T22:30:05Z
34.023874,-118.201733,58.227794,2014-11-17T22:30:06Z
34.023973,-118.201961,59.320390,2014-11-17T22:30:07Z
34.024073,-118.202191,59.685250,2014-11-17T22:30:08Z
34.024176,-118.202430,59.331367,2014-11-17T22:30:09Z
34.024280,-118.202670,59.113816,2014-11-17T22:30:10Z
34.024381,-118.202903,58.954850,2014-11-17T22:30:11Z
34.024485,-118.203136,58.517947,2014-11-17T22:30:12Z
34.024578,-118.203353,58.271497,2014-11-17T22:30:13Z
34.024682,-118.203594,58.992076,2014-11-17T22:30:14Z
34.024789,-118.203843,59.456343,2014-11-17T22:30:15Z
34.024898,-118.204088,60.148674,2014-11-17T22:30:16Z
34.025009,-118.204350,61.201203,2014-11-17T22:30:17Z
34.025137,-118.204588,61.876839,2014-11-17T22:30:18Z
34.025242,-118.204836,62.568844,2014-11-17T22:30:19Z
34.025337,-118.205084,63.420049,2014-11-17T22:30:20Z
34.025434,-118.205349,64.345685,2014-11-17T22:30:21Z
34.025524,-118.205594,64.791131,2014-11-17T22:30:22Z
34.025613,-118.205834,65.391833,2014-11-17T22:30:23Z
34.025717,-118.206073,65.764481,2014-11-17T22:30:24Z
34.025788,-118.206296,66.203179,2014-11-17T22:30:25Z
34.025818,-118.206560,67.186289,2014-11-17T22:30:26Z
34.025901,-118.206775,67.940927,2014-11-17T22:30:27Z
34.025979,-118.206979,68.631665,2014-11-17T22:30:28Z
34.026070,-118.207202,69.210580,2014-11-17T22:30:29Z
34.026162,-118.207423,69.950979,2014-11-17T22:30:30Z
34.026263,-118.207658,70.897923,2014-11-17T22:30:31Z
34.026372,-118.207901,72.037316,2014-11-17T22:30:32Z
34.026483,-118.208139,73.197747,2014-11-17T22:30:33Z
34.026588,-118.208358,74.253304,2014-11-17T22:30:34Z
34.026703,-118.208594,75.263710,2014-11-17T22:30:35Z
34.026815,-118.208828,76.347934,2014-11-17T22:30:36Z
34.026917,-118.209043,77.135197,2014-11-17T22:30:37Z
34.027032,-118.209280,78.015819,2014-11-17T22:30:38Z
34.027153,-118.209524,78.524902,2014-11-17T22:30:39Z
34.027324,-118.209681,78.657481,2014-11-17T22:30:40Z
34.027427,-118.209889,78.955795,2014-11-17T22:30:41Z
34.027540,-118.210097,79.021181,2014-11-17T22:30:42Z
34.027666,-118.210319,79.037075,2014-11-17T22:30:43Z
34.027769,-118.210515,78.860079,2014-11-17T22:30:44Z
34.027915,-118.210726,78.860079,2014-11-17T22:30:45Z
34.028067,-118.210922,78.169628,2014-11-17T22:30:46Z
34.028236,-118.211120,77.234758,2014-11-17T22:30:47Z
34.028400,-118.211302,76.118462,2014-11-17T22:30:48Z
34.028559,-118.211480,75.171072,2014-11-17T22:30:49Z
34.028707,-118.211680,74.288922,2014-11-17T22:30:50Z
34.028860,-118.211869,73.436205,2014-11-17T22:30:51Z
34.029020,-118.212075,72.416043,2014-11-17T22:30:52Z
34.029160,-118.212313,72.147141,2014-11-17T22:30:53Z
34.029269,-118.212547,71.726634,2014-11-17T22:30:54Z
34.029362,-118.212793,71.741723,2014-11-17T22:30:55Z
34.029453,-118.213067,71.923550,2014-11-17T22:30:56Z
34.029522,-118.213305,71.921187,2014-11-17T22:30:57Z
34.029595,-118.213560,72.028755,2014-11-17T22:30:58Z
34.029685,-118.213805,72.167246,2014-11-17T22:30:59Z
34.029773,-118.214129,73.614146,2014-11-17T22:31:00Z
34.029804,-118.214423,73.727831,2014-11-17T22:31:01Z
34.029823,-118.214727,73.218641,2014-11-17T22:31:02Z
34.029832,-118.215042,73.173332,2014-11-17T22:31:03Z
34.029830,-118.215344,73.414105,2014-11-17T22:31:04Z
34.029821,-118.215638,73.493298,2014-11-17T22:31:05Z
34.029804,-118.215954,73.533834,2014-11-17T22:31:06Z
34.029781,-118.216244,73.362079,2014-11-17T22:31:07Z
34.029750,-118.216555,73.633561,2014-11-17T22:31:08Z
34.029718,-118.216891,72.462125,2014-11-17T22:31:09Z
34.029692,-118.217174,72.034326,2014-11-17T22:31:10Z
34.029671,-118.217472,71.668603,2014-11-17T22:31:11Z
34.029645,-118.217783,71.161727,2014-11-17T22:31:12Z
34.029615,-118.218097,70.955440,2014-11-17T22:31:13Z
34.029581,-118.218411,70.560165,2014-11-17T22:31:14Z
34.029547,-118.218729,70.323008,2014-11-17T22:31:15Z
34.029515,-118.219049,70.145790,2014-11-17T22:31:16Z
34.029489,-118.219365,70.085222,2014-11-17T22:31:17Z
34.029465,-118.219690,69.397446,2014-11-17T22:31:18Z
34.029451,-118.220015,70.667162,2014-11-17T22:31:19Z
34.029441,-118.220346,70.575560,2014-11-17T22:31:20Z
34.029439,-118.220675,70.728808,2014-11-17T22:31:21Z
34.029445,-118.221019,70.922610,2014-11-17T22:31:22Z
34.029455,-118.221362,71.499882,2014-11-17T22:31:23Z
34.029468,-118.221712,71.230370,2014-11-17T22:31:24Z
34.029477,-118.222058,71.535748,2014-11-17T22:31:25Z
34.029492,-118.222413,71.687007,2014-11-17T22:31:26Z
34.029503,-118.222785,72.328402,2014-11-17T22:31:27Z
34.029528,-118.223147,72.715242,2014-11-17T22:31:28Z
34.029526,-118.223505,72.741533,2014-11-17T22:31:29Z
34.029521,-118.223840,73.982709,2014-11-17T22:31:30Z
34.029521,-118.224220,74.478648,2014-11-17T22:31:31Z
34.029495,-118.224585,75.104546,2014-11-17T22:31:32Z
34.029448,-118.224941,75.104546,2014-11-17T22:31:33Z
34.029390,-118.225299,75.573535,2014-11-17T22:31:34Z
34.029325,-118.225646,76.039043,2014-11-17T22:31:35Z
34.029259,-118.225987,76.515542,2014-11-17T22:31:36Z
34.029193,-118.226318,76.829895,2014-11-17T22:31:37Z
34.029128,-118.226637,77.151467,2014-11-17T22:31:38Z
34.029061,-118.226965,77.617178,2014-11-17T22:31:39Z
34.028997,-118.227273,77.912617,2014-11-17T22:31:40Z
34.028926,-118.227613,78.289798,2014-11-17T22:31:41Z
34.028853,-118.227969,77.568481,2014-11-17T22:31:42Z
34.028782,-118.228318,76.212959,2014-11-17T22:31:43Z
34.028715,-118.228646,76.143620,2014-11-17T22:31:44Z
34.028643,-118.228990,75.672972,2014-11-17T22:31:45Z
34.028571,-118.229338,75.422972,2014-11-17T22:31:46Z
34.028493,-118.229676,74.906992,2014-11-17T22:31:47Z
34.028402,-118.230009,74.633087,2014-11-17T22:31:48Z
34.028304,-118.230333,73.531685,2014-11-17T22:31:49Z
34.028207,-118.230651,71.907029,2014-11-17T22:31:50Z
34.028105,-118.230968,71.662302,2014-11-17T22:31:51Z
34.027995,-118.231280,71.336775,2014-11-17T22:31:52Z
34.027877,-118.231580,72.121558,2014-11-17T22:31:53Z
34.027760,-118.231868,71.977538,2014-11-17T22:31:54Z
34.027637,-118.232162,72.454107,2014-11-17T22:31:55Z
34.027529,-118.232427,72.512247,2014-11-17T22:31:56Z
34.027418,-118.232700,72.793068,2014-11-17T22:31:57Z
34.027310,-118.232968,73.246385,2014-11-17T22:31:58Z
34.027200,-118.233230,73.522624,2014-11-17T22:31:59Z
34.027088,-118.233495,73.569347,2014-11-17T22:32:00Z
34.026977,-118.233765,73.359135,2014-11-17T22:32:01Z
34.026867,-118.234034,73.082058,2014-11-17T22:32:02Z
34.026757,-118.234300,72.512976,2014-11-17T22:32:03Z
34.026653,-118.234551,72.368376,2014-11-17T22:32:04Z
34.026546,-118.234811,72.871235,2014-11-17T22:32:05Z
34.026443,-118.235069,72.680892,2014-11-17T22:32:06Z
34.026343,-118.235320,71.520178,2014-11-17T22:32:07Z
34.026255,-118.235592,71.314761,2014-11-17T22:32:08Z
34.026143,-118.235859,71.729736,2014-11-17T22:32:09Z
34.026034,-118.236138,71.441078,2014-11-17T22:32:10Z
34.025925,-118.236415,70.948045,2014-11-17T22:32:11Z
34.025786,-118.236678,71.344910,2014-11-17T22:32:12Z
34.025670,-118.236961,71.583256,2014-11-17T22:32:13Z
34.025554,-118.237246,71.672947,2014-11-17T22:32:14Z
34.025439,-118.237528,71.690766,2014-11-17T22:32:15Z
34.025322,-118.237812,71.635555,2014-11-17T22:32:16Z
34.025207,-118.238090,71.525907,2014-11-17T22:32:17Z
34.025091,-118.238367,71.525907,2014-11-17T22:32:18Z
34.024975,-118.238651,71.755745,2014-11-17T22:32:19Z
34.024857,-118.238940,72.020121,2014-11-17T22:32:20Z
34.024740,-118.239228,72.405953,2014-11-17T22:32:21Z
34.024626,-118.239509,74.415581,2014-11-17T22:32:22Z
34.024516,-118.239783,73.109658,2014-11-17T22:32:23Z
34.024404,-118.240064,72.908465,2014-11-17T22:32:24Z
34.024293,-118.240342,73.143246,2014-11-17T22:32:25Z
34.024182,-118.240622,73.120862,2014-11-17T22:32:26Z
34.024083,-118.240914,72.799159,2014-11-17T22:32:27Z
34.024011,-118.241171,72.913362,2014-11-17T22:32:28Z
34.023937,-118.241460,75.478325,2014-11-17T22:32:29Z
34.023878,-118.241753,73.108735,2014-11-17T22:32:30Z
34.023827,-118.242052,73.099061,2014-11-17T22:32:31Z
34.023796,-118.242346,72.731154,2014-11-17T22:32:32Z
34.023785,-118.242637,72.350245,2014-11-17T22:32:33Z
34.023777,-118.242934,72.123270,2014-11-17T22:32:34Z
34.023780,-118.243246,71.695829,2014-11-17T22:32:35Z
34.023788,-118.243534,70.974379,2014-11-17T22:32:36Z
34.023801,-118.243832,70.956629,2014-11-17T22:32:37Z
34.023829,-118.244147,70.728489,2014-11-17T22:32:38Z
34.023879,-118.244438,70.749186,2014-11-17T22:32:39Z
34.023923,-118.244734,70.855080,2014-11-17T22:32:40Z
34.023984,-118.245029,70.987341,2014-11-17T22:32:41Z
34.024075,-118.245317,70.847223,2014-11-17T22:32:42Z
34.024170,-118.245593,70.734485,2014-11-17T22:32:43Z
34.024271,-118.245875,70.693841,2014-11-17T22:32:44Z
34.024396,-118.246179,70.013236,2014-11-17T22:32:45Z
34.024520,-118.246452,69.371722,2014-11-17T22:32:46Z
34.024651,-118.246715,69.283503,2014-11-17T22:32:47Z
34.024805,-118.246999,68.771149,2014-11-17T22:32:48Z
34.024956,-118.247279,69.408621,2014-11-17T22:32:49Z
34.025104,-118.247553,69.125571,2014-11-17T22:32:50Z
34.025246,-118.247817,68.671934,2014-11-17T22:32:51Z
34.025383,-118.248070,69.353794,2014-11-17T22:32:52Z
34.025521,-118.248326,69.476977,2014-11-17T22:32:53Z
34.025656,-118.248577,69.982966,2014-11-17T22:32:54Z
34.025791,-118.248827,69.701322,2014-11-17T22:32:55Z
34.025925,-118.249076,70.202681,2014-11-17T22:32:56Z
34.026065,-118.249337,70.544227,2014-11-17T22:32:57Z
34.026199,-118.249590,70.208705,2014-11-17T22:32:58Z
34.026337,-118.249850,69.871788,2014-11-17T22:32:59Z
34.026477,-118.250099,69.713751,2014-11-17T22:33:00Z
34.026616,-118.250362,69.933163,2014-11-17T22:33:01Z
34.026754,-118.250611,69.514166,2014-11-17T22:33:02Z
34.026893,-118.250865,69.401767,2014-11-17T22:33:03Z
34.027032,-118.251133,69.401767,2014-11-17T22:33:04Z
34.027175,-118.251395,69.016339,2014-11-17T22:33:05Z
34.027317,-118.251656,68.767841,2014-11-17T22:33:06Z
34.027465,-118.251929,68.993874,2014-11-17T22:33:07Z
34.027607,-118.252186,68.382081,2014-11-17T22:33:08Z
34.027754,-118.252459,68.725044,2014-11-17T22:33:09Z
34.027896,-118.252722,68.358179,2014-11-17T22:33:10Z
34.028043,-118.252994,69.431814,2014-11-17T22:33:11Z
34.028188,-118.253264,71.353810,2014-11-17T22:33:12Z
34.028333,-118.253534,72.065576,2014-11-17T22:33:13Z
34.028475,-118.253798,71.168144,2014-11-17T22:33:14Z
34.028609,-118.254054,69.614064,2014-11-17T22:33:15Z
34.028749,-118.254311,68.198473,2014-11-17T22:33:16Z
34.028885,-118.254561,68.636123,2014-11-17T22:33:17Z
34.029013,-118.254795,69.593223,2014-11-17T22:33:18Z
34.029150,-118.255046,69.453757,2014-11-17T22:33:19Z
34.029281,-118.255286,68.621568,2014-11-17T22:33:20Z
34.029416,-118.255533,68.645006,2014-11-17T22:33:21Z
34.029557,-118.255793,68.929137,2014-11-17T22:33:22Z
34.029658,-118.255982,68.865167,2014-11-17T22:33:23Z
34.029788,-118.256220,68.865548,2014-11-17T22:33:24Z
34.029909,-118.256458,68.659461,2014-11-17T22:33:25Z
34.030032,-118.256709,68.232574,2014-11-17T22:33:26Z
34.030164,-118.256979,68.391248,2014-11-17T22:33:27Z
34.030279,-118.257219,67.881992,2014-11-17T22:33:28Z
34.030385,-118.257448,67.657064,2014-11-17T22:33:29Z
34.030487,-118.257668,67.920424,2014-11-17T22:33:30Z
34.030589,-118.257903,67.952485,2014-11-17T22:33:31Z
34.030686,-118.258136,66.223063,2014-11-17T22:33:32Z
34.030786,-118.258384,66.136487,2014-11-17T22:33:33Z
34.030874,-118.258613,66.427650,2014-11-17T22:33:34Z
34.031022,-118.258822,66.471202,2014-11-17T22:33:35Z
34.031129,-118.259085,66.120467,2014-11-17T22:33:36Z
34.031232,-118.259308,66.505197,2014-11-17T22:33:37Z
34.031319,-118.259550,66.540382,2014-11-17T22:33:38Z
34.031385,-118.259761,66.516286,2014-11-17T22:33:39Z
34.031461,-118.260003,66.353469,2014-11-17T22:33:40Z
34.031540,-118.260238,66.618824,2014-11-17T22:33:41Z
34.031616,-118.260499,66.700072,2014-11-17T22:33:42Z
34.031653,-118.260733,67.001764,2014-11-17T22:33:43Z
34.031740,-118.260989,68.036342,2014-11-17T22:33:44Z
34.031750,-118.261317,68.721489,2014-11-17T22:33:45Z
34.031843,-118.261597,69.742388,2014-11-17T22:33:46Z
34.031939,-118.261862,69.172892,2014-11-17T22:33:47Z